Order_ID,Order_Date,Customer_ID,Product,Category,Price,Quantity,Discount,Payment_Method,City,Status
ORD0001,2025-06-29 00:00:00,CUST029,Sneakers,Fashion,2997.4,4.0,0.1,Credit Card,Delhi,Completed
ORD0002,2025-03-29 00:00:00,CUST053,Desk Lamp,Home,1632.36,4.0,0.15,Net Banking,Pune,Completed
ORD0003,2025-05-10 00:00:00,CUST060,Backpack,Accessories,1686.03,4.0,0.1,Net Banking,Bangalore,Completed
ORD0004,2025-02-28 00:00:00,CUST042,Laptop,Electronics,59106.65,4.0,0.05,Debit Card,Bangalore,Completed
ORD0005,2025-05-11 00:00:00,CUST037,Coffee Maker,Home,4596.79,1.0,0.1,Credit Card,Bangalore,Completed
ORD0006,2025-01-14 00:00:00,CUST050,Notebook,Stationery,175.87,2.0,0.0,Cash on Delivery,Bangalore,Completed
ORD0007,2025-06-21 00:00:00,CUST008,Sneakers,Fashion,2902.01,2.0,0.05,Credit Card,Nagpur,Completed
ORD0008,2025-05-14 00:00:00,CUST054,Wireless Mouse,Electronics,-1200.0,2.0,0.0,Credit Card,Pune,Completed
ORD0009,2025-01-14 00:00:00,CUST031,Wireless Mouse,Electronics,1301.25,4.0,0.1,Cash on Delivery,Mumbai,Returned
ORD0010,2025-03-23 00:00:00,CUST047,T-Shirt,Fashion,959.17,2.0,,Cash on Delivery,Bangalore,Cancelled
ORD0011,2025-06-06 00:00:00,CUST015,Coffee Maker,Home,4198.74,1.0,,UPI,Bangalore,Completed
ORD0012,2025-03-22 00:00:00,CUST008,Keyboard,Electronics,2300.76,1.0,0.1,Credit Card,Nashik,Completed
ORD0013,2025-01-28 00:00:00,CUST007,Coffee Maker,Home,4815.03,4.0,0.05,Net Banking,Delhi,Completed
ORD0014,2025-02-04 00:00:00,CUST001,T-Shirt,Fashion,878.93,3.0,0.15,UPI,Hyderabad,Completed
ORD0015,2025-05-22 00:00:00,CUST039,Sneakers,Fashion,2905.88,3.0,0.05,Credit Card,Bangalore,Cancelled
ORD0016,2025-03-04 00:00:00,CUST032,Keyboard,Electronics,2260.02,4.0,0.1,Cash on Delivery,Chennai,Cancelled
ORD0017,2025-05-23 00:00:00,CUST043,Sneakers,Fashion,3009.96,1.0,0.0,Debit Card,Delhi,Returned
ORD0018,2025-03-07 00:00:00,CUST042,Notebook,Stationery,191.09,1.0,0.0,Cash on Delivery,Bangalore,Completed
ORD0019,2025-03-25 00:00:00,CUST030,Notebook,Stationery,193.8,4.0,0.2,Cash on Delivery,,Returned
ORD0020,2025-05-09 00:00:00,CUST057,Laptop,Electronics,66919.97,1.0,0.2,UPI,Delhi,Returned
ORD0021,2025-06-04 00:00:00,CUST009,T-Shirt,Fashion,897.27,1.0,0.0,Cash on Delivery,Nagpur,Completed
ORD0022,2025-06-09 00:00:00,CUST032,Backpack,Accessories,1820.92,4.0,0.05,UPI,Pune,Completed
ORD0023,2025-02-08 00:00:00,CUST002,Notebook,Stationery,187.64,1.0,0.05,UPI,Delhi,Completed
ORD0024,2025-05-10 00:00:00,CUST028,Wireless Mouse,Electronics,1092.35,1.0,0.05,UPI,Delhi,Returned
ORD0025,2025-02-22 00:00:00,CUST044,Wireless Mouse,Electronics,1187.47,2.0,0.0,Cash on Delivery,Nashik,Completed
ORD0026,2025-05-03 00:00:00,CUST017,T-Shirt,Fashion,941.08,4.0,0.1,Credit Card,Chennai,Returned
ORD0027,2025-05-24 00:00:00,CUST033,Desk Lamp,Home,1488.23,3.0,0.0,Net Banking,Delhi,Completed
ORD0028,2025-06-13 00:00:00,CUST019,Notebook,Stationery,187.6,3.0,0.0,Cash on Delivery,Mumbai,Completed
ORD0029,2025-05-08 00:00:00,CUST039,T-Shirt,Fashion,978.61,1.0,0.15,UPI,Mumbai,Completed
ORD0030,2025-06-08 00:00:00,CUST030,Sneakers,Fashion,3325.3,3.0,0.15,Credit Card,Nagpur,Completed
ORD0031,2025-03-01 00:00:00,CUST049,Headphones,Electronics,3319.3,4.0,,Net Banking,Hyderabad,Completed
ORD0032,2025-01-09 00:00:00,CUST041,Sneakers,Fashion,3103.49,0.0,0.2,Cash on Delivery,Nagpur,Returned
ORD0033,2025-06-10 00:00:00,CUST024,T-Shirt,Fashion,963.17,1.0,0.0,Cash on Delivery,Chennai,Completed
ORD0034,2025-04-09 00:00:00,CUST025,Coffee Maker,Home,4054.56,4.0,0.05,Credit Card,Chennai,Completed
ORD0035,2025-06-10 00:00:00,CUST004,Coffee Maker,Home,4263.52,1.0,0.0,Debit Card,Mumbai,Completed
ORD0036,2025-04-25 00:00:00,CUST022,Notebook,Stationery,171.55,2.0,0.1,Net Banking,Delhi,Returned
ORD0037,2025-01-27 00:00:00,CUST027,T-Shirt,Fashion,953.07,2.0,0.15,UPI,Hyderabad,Completed
ORD0038,2025-01-04 00:00:00,CUST035,Keyboard,Electronics,2318.16,4.0,0.0,Cash on Delivery,Chennai,Cancelled
ORD0039,2025-01-06 00:00:00,CUST035,Phone,Electronics,29387.23,1.0,,UPI,Chennai,Cancelled
ORD0040,2025-04-26 00:00:00,CUST021,Keyboard,Electronics,2064.0,1.0,0.05,Credit Card,Mumbai,Completed
ORD0041,2025-02-27 00:00:00,CUST003,Backpack,Accessories,1825.22,4.0,0.0,Credit Card,Nashik,Completed
ORD0042,2025-05-10 00:00:00,CUST026,Water Bottle,Home,733.71,1.0,0.0,Net Banking,Pune,Completed
ORD0043,2025-02-19 00:00:00,CUST025,Keyboard,Electronics,2249.07,4.0,0.1,UPI,Bangalore,Cancelled
ORD0044,2025-03-06 00:00:00,CUST008,Headphones,Electronics,3641.38,4.0,0.0,Debit Card,Nashik,Completed
ORD0045,2025-03-07 00:00:00,CUST032,Wireless Mouse,Electronics,1218.79,2.0,0.05,Credit Card,Nashik,Returned
ORD0046,2025-02-27 00:00:00,CUST058,Backpack,Accessories,1630.98,4.0,0.0,Debit Card,Bangalore,Cancelled
ORD0047,2025-01-08 00:00:00,CUST053,Laptop,Electronics,62030.06,4.0,0.1,Cash on Delivery,Chennai,Cancelled
ORD0048,2025-04-04 00:00:00,CUST047,Headphones,Electronics,3639.66,4.0,0.15,Net Banking,Pune,Completed
ORD0049,2025-06-07 00:00:00,CUST019,Water Bottle,Home,741.33,3.0,0.1,Credit Card,Nashik,Completed
ORD0050,2025-04-27 00:00:00,CUST023,Phone,Electronics,27598.56,4.0,0.05,Credit Card,Pune,Completed
ORD0051,2025-04-06 00:00:00,CUST054,Wireless Mouse,Electronics,1251.5,4.0,,UPI,Nagpur,Cancelled
ORD0052,2025-03-10 00:00:00,CUST022,Sneakers,Fashion,3347.23,3.0,0.0,Debit Card,Hyderabad,Returned
ORD0053,2025-01-29 00:00:00,CUST014,Coffee Maker,Home,4132.62,3.0,0.0,Cash on Delivery,Hyderabad,Completed
ORD0054,2025-06-25 00:00:00,CUST021,Water Bottle,Home,696.29,1.0,0.1,Net Banking,Nashik,Completed
ORD0055,2025-03-10 00:00:00,CUST036,Water Bottle,Home,636.34,3.0,0.0,Debit Card,Pune,Completed
ORD0056,2025-03-10 00:00:00,CUST045,T-Shirt,Electronics ,839.33,4.0,,Credit Card,Mumbai,Completed
ORD0057,2025-03-25 00:00:00,CUST024,Desk Lamp,Home,1656.69,3.0,0.15,UPI,Hyderabad,Completed
ORD0058,2025-04-11 00:00:00,CUST012,Desk Lamp,Home,1563.55,1.0,0.15,Debit Card,Bangalore,Cancelled
ORD0059,2025-04-05 00:00:00,CUST046,Notebook,Stationery,162.66,3.0,0.1,UPI,Pune,Cancelled
ORD0060,2025-03-31 00:00:00,CUST034,Water Bottle,Home,666.5,3.0,0.0,Net Banking,Pune,Cancelled
ORD0061,2025-06-06 00:00:00,CUST056,Desk Lamp,Home,1675.22,1.0,,Cash on Delivery,Pune,Cancelled
ORD0062,2025-06-01 00:00:00,CUST035,Coffee Maker,Home,4941.45,4.0,0.0,UPI,Nashik,Returned
ORD0063,2025-01-12 00:00:00,CUST049,Phone,Electronics,29007.13,3.0,0.15,UPI,Chennai,Completed
ORD0064,2025-03-03 00:00:00,CUST020,Laptop,Electronics,69243.95,2.0,0.05,Debit Card,Mumbai,Completed
ORD0065,2025-05-27 00:00:00,CUST012,Notebook,Stationery,174.78,4.0,,Cash on Delivery,Delhi,Completed
ORD0066,2025-03-10 00:00:00,CUST035,Phone,Electronics,28573.67,4.0,0.15,Cash on Delivery,Hyderabad,Completed
ORD0067,2025-04-19 00:00:00,CUST053,Sneakers,Fashion,3196.43,3.0,,,Hyderabad,Completed
ORD0068,2025-03-16 00:00:00,CUST018,Sneakers,Fashion,3499.94,1.0,0.15,Cash on Delivery,Mumbai,Cancelled
ORD0069,2025-01-07 00:00:00,CUST046,Backpack,Accessories,1872.35,2.0,0.05,Debit Card,Pune,Completed
ORD0070,2025-01-29 00:00:00,CUST037,Phone,Electronics,26506.08,4.0,0.05,UPI,Chennai,Completed
ORD0071,2025-03-12 00:00:00,CUST025,Laptop,Electronics,66194.55,4.0,0.05,Debit Card,Hyderabad,Completed
ORD0072,2025-06-16 00:00:00,CUST027,Backpack,Accessories,1709.54,3.0,0.0,Debit Card,Hyderabad,Cancelled
ORD0073,2025-05-06 00:00:00,CUST058,Wireless Mouse,Electronics,1257.83,4.0,0.0,UPI ,Nashik,Completed
ORD0074,2025-04-02 00:00:00,CUST057,Keyboard,Electronics,2144.94,1.0,0.0,UPI,Chennai,Cancelled
ORD0075,2025-02-27 00:00:00,CUST044,Backpack,Accessories,1972.04,1.0,0.0,Net Banking,Nagpur,Returned
ORD0076,2025-06-13 00:00:00,CUST035,Phone,Electronics,29094.3,1.0,0.1,UPI,Mumbai,Returned
ORD0077,2025-04-27 00:00:00,CUST054,Laptop,Electronics,66096.09,4.0,0.15,Debit Card,Bangalore,Completed
ORD0078,2025-04-12 00:00:00,CUST012,T-Shirt,Fashion,829.22,1.0,0.05,Cash on Delivery,Bangalore,Completed
ORD0079,2025-03-01 00:00:00,CUST050,T-Shirt,Fashion,857.87,1.0,,Debit Card,Chennai,Completed
ORD0080,2025-06-10 00:00:00,CUST053,Coffee Maker,Home,4782.42,4.0,0.05,Net Banking,Chennai,Completed
ORD0081,2025-03-23 00:00:00,CUST051,Backpack,Accessories,1881.26,3.0,,Credit Card,Nagpur,Returned
ORD0082,2025-04-19 00:00:00,CUST005,Wireless Mouse,Electronics,1086.33,1.0,0.15,Credit Card,Nagpur,Completed
ORD0083,2025-03-26 00:00:00,CUST026,Desk Lamp,Home,1561.89,2.0,0.2,UPI,Hyderabad,Completed
ORD0084,2025-04-15 00:00:00,CUST035,Wireless Mouse,Electronics,1112.12,1.0,0.0,Cash on Delivery,Mumbai,Cancelled
ORD0085,2025-04-12 00:00:00,CUST003,Phone,Electronics,28310.42,1.0,0.15,Credit Card,Pune,Completed
ORD0086,2025-03-26 00:00:00,CUST014,Laptop,Electronics,61165.59,1.0,,Net Banking,Bangalore,Returned
ORD0087,2025-04-23 00:00:00,CUST040,Laptop,Electronics,66535.67,4.0,0.05,Credit Card,Pune,Completed
ORD0088,2025-04-28 00:00:00,CUST003,Backpack,Accessories,1807.26,4.0,0.2,Cash on Delivery,Hyderabad,Returned
ORD0089,2025-02-26 00:00:00,CUST017,Desk Lamp,Home,1482.88,3.0,0.05,Net Banking,Hyderabad,Returned
ORD0090,2025-03-16 00:00:00,CUST051,Wireless Mouse,Electronics,1296.76,4.0,0.0,Credit Card,Pune,Completed
ORD0091,2025-06-28 00:00:00,CUST034,Desk Lamp,Home,1551.44,2.0,0.1,Cash on Delivery,Chennai,Completed
ORD0092,2025-03-22 00:00:00,CUST005,Keyboard,Electronics,2330.45,2.0,,Credit Card, pune,Completed
ORD0093,2025-03-10 00:00:00,CUST034,Headphones,Electronics,3584.56,2.0,0.05,Debit Card,Delhi,Completed
ORD0094,2025-04-21 00:00:00,CUST057,Keyboard,Electronics,2182.45,4.0,0.0,Cash on Delivery,Nagpur,Completed
ORD0095,2025-01-25 00:00:00,CUST003,T-Shirt,Fashion,967.38,3.0,0.15,Credit Card,Hyderabad,Completed
ORD0096,2025-05-27 00:00:00,CUST021,Keyboard,Electronics,2054.33,4.0,0.05,Net Banking,Chennai,Completed
ORD0097,2025-01-12 00:00:00,CUST026,Phone,Electronics,30207.62,1.0,0.1,Net Banking,Delhi,Completed
ORD0098,2025-02-16 00:00:00,CUST057,Water Bottle,Home,726.29,4.0,0.2,Net Banking,Mumbai,Completed
ORD0099,2025-01-01 00:00:00,CUST008,Headphones,Electronics,3673.78,1.0,,Credit Card,Bangalore,Returned
ORD0100,2025-05-10 00:00:00,CUST045,T-Shirt,Fashion,821.22,3.0,0.05,Debit Card,Nashik,Returned
ORD0101,2025-01-18 00:00:00,CUST058,Desk Lamp,Home,1553.33,3.0,0.0,UPI,Nashik,Cancelled
ORD0102,2025-02-08 00:00:00,CUST057,Notebook,Stationery,192.27,2.0,0.05,Cash on Delivery,Mumbai,Completed
ORD0103,2025-01-25 00:00:00,CUST004,Headphones,Electronics,3398.57,1.0,0.1,Cash on Delivery,Nashik,Returned
ORD0104,2025-04-21 00:00:00,CUST008,Wireless Mouse,Electronics,1220.77,4.0,0.0,UPI,Hyderabad,Returned
ORD0105,2025-01-26 00:00:00,CUST034,Headphones,Electronics,3321.05,3.0,,Net Banking,Mumbai,Completed
ORD0106,2025-05-30 00:00:00,CUST021,Phone,Electronics,26056.01,3.0,0.1,Debit Card,Chennai,Returned
ORD0107,2025-02-24 00:00:00,CUST009,T-Shirt,Fashion,824.44,3.0,0.0,Net Banking,Bangalore,Returned
ORD0108,2025-03-16 00:00:00,CUST004,Wireless Mouse,Electronics,1081.27,2.0,0.05,Debit Card,Chennai,Completed
ORD0109,2025-03-20 00:00:00,CUST011,laptop,Electronics,1217.19,3.0,0.2,Net Banking,Chennai,Completed
ORD0110,2025-03-09 00:00:00,CUST019,Backpack,Accessories,1691.82,4.0,0.0,UPI,Pune,Returned
ORD0111,2025-02-06 00:00:00,CUST011,Backpack,Accessories,1955.53,1.0,0.1,UPI,Chennai,Completed
ORD0112,2025-01-10 00:00:00,CUST005,T-Shirt,Fashion,821.41,4.0,0.0,Credit Card,Bangalore,Completed
ORD0113,2025-03-14 00:00:00,CUST017,Phone,Electronics,25853.5,3.0,0.1,Debit Card,Chennai,Completed
ORD0114,2025-03-03 00:00:00,CUST060,Phone,Electronics,30604.15,2.0,,Debit Card,Mumbai,Completed
ORD0115,2025-02-04 00:00:00,CUST001,Notebook,Stationery,188.68,2.0,0.0,Net Banking,Nagpur,Completed
ORD0116,2025-01-14 00:00:00,CUST060,Coffee Maker,Home,4197.29,1.0,0.0,Debit Card,Delhi,Returned
ORD0117,2025-03-03 00:00:00,CUST004,Water Bottle,Home,674.27,2.0,0.05,Debit Card,Hyderabad,Returned
ORD0118,2025-01-23 00:00:00,CUST015,,Electronics,66007.32,1.0,,Credit Card,Chennai,Cancelled
ORD0119,2025-04-14 00:00:00,CUST051,T-Shirt,Fashion,907.71,2.0,,Debit Card,Nagpur,Completed
ORD0120,2025-01-15 00:00:00,CUST047,Headphones,Electronics,3584.05,4.0,0.15,Debit Card,Bangalore,Cancelled
ORD0121,2025-04-07 00:00:00,CUST037,Backpack,Accessories,1900.29,1.0,0.0,Credit Card,Pune,Cancelled
ORD0122,2025-03-15 00:00:00,CUST033,Desk Lamp,Home,1472.93,1.0,0.0,Cash on Delivery,Hyderabad,Completed
ORD0123,2025-01-15 00:00:00,CUST029,T-Shirt,Fashion,907.17,1.0,0.0,Cash on Delivery,Hyderabad,Completed
ORD0124,2025-04-05 00:00:00,CUST051,Desk Lamp,Home,1662.06,4.0,0.15,Debit Card,Hyderabad,Completed
ORD0125,2025-03-15 00:00:00,CUST040,Desk Lamp,Home,1626.69,4.0,0.05,Credit Card,Chennai,Completed
ORD0126,2025-05-21 00:00:00,CUST040,Notebook,Stationery,180.21,1.0,0.05,Cash on Delivery,Delhi,Completed
ORD0127,2025-04-10 00:00:00,CUST048,Notebook,Stationery,187.08,4.0,0.0,Credit Card,Mumbai,Completed
ORD0128,2025-05-17 00:00:00,CUST054,Water Bottle,Home,640.82,2.0,,Debit Card,Nashik,Completed
ORD0129,2025-05-29 00:00:00,CUST026,Phone,Electronics,29897.83,2.0,0.2,UPI,Nashik,Returned
ORD0130,2025-04-25 00:00:00,CUST040,Sneakers,Fashion,3269.05,3.0,0.0,UPI,Pune,Completed
ORD0131,2025-04-27 00:00:00,CUST026,Coffee Maker,Home,,3.0,0.05,Credit Card,Delhi,Returned
ORD0132,2025-05-15 00:00:00,CUST018,Wireless Mouse,Electronics,1195.4,3.0,0.1,Debit Card,Delhi,Completed
ORD0133,2025-06-28 00:00:00,CUST054,Desk Lamp,Home,1496.44,3.0,0.0,Net Banking,Nagpur,Completed
ORD0134,2025-01-29 00:00:00,CUST043,Laptop,Electronics,66719.44,4.0,0.0,UPI,Nashik,Completed
ORD0135,2025-04-15 00:00:00,CUST049,Headphones,Electronics,3540.11,2.0,0.0,Net Banking,Nagpur,Completed
ORD0136,2025-01-01 00:00:00,CUST032,Sneakers,Fashion,2922.93,3.0,0.05,Debit Card,Chennai,Returned
ORD0137,2025-06-22 00:00:00,CUST029,Laptop,Electronics,64636.87,4.0,0.1,UPI,Chennai,Completed
ORD0138,2025-04-23 00:00:00,CUST050,Wireless Mouse,Electronics,1199.28,3.0,0.0,UPI,Nagpur,Cancelled
ORD0139,2025-04-13 00:00:00,CUST003,Sneakers,Fashion,3118.92,2.0,,Credit Card,Bangalore,Completed
ORD0140,2025-02-24 00:00:00,CUST028,Sneakers,Fashion,3417.46,3.0,0.15,UPI,Mumbai,Completed
ORD0141,2025-03-13 00:00:00,CUST054,T-Shirt,Fashion,871.07,1.0,0.0,UPI,Bangalore,Completed
ORD0142,2025-04-06 00:00:00,CUST024,Keyboard,Electronics,2297.8,4.0,0.2,Cash on Delivery,Bangalore,Cancelled
ORD0143,2025-05-22 00:00:00,CUST031,Backpack,Accessories,1736.64,2.0,0.0,UPI,Nashik,Cancelled
ORD0144,2025-04-22 00:00:00,CUST019,Keyboard,Electronics,2236.54,4.0,0.15,UPI,Nashik,Cancelled
ORD0145,2025-01-11 00:00:00,CUST042,Headphones,Electronics,3727.58,3.0,0.1,Cash on Delivery,Bangalore,Cancelled
ORD0146,2025-06-15 00:00:00,CUST030,Phone,Electronics,27231.44,,0.05,Cash on Delivery,Pune,Returned
ORD0147,2025-01-24 00:00:00,CUST017,Notebook,Stationery,193.26,4.0,,UPI,Pune,Completed
ORD0148,2025-01-14 00:00:00,CUST009,Laptop,Electronics,65541.24,1.0,0.05,UPI,Chennai,Returned
ORD0149,2025-01-04 00:00:00,CUST026,Desk Lamp,Home,1608.22,1.0,0.15,Net Banking,Delhi,Returned
ORD0150,2025-05-08 00:00:00,CUST021,Wireless Mouse,Electronics,1275.61,1.0,0.05,UPI,Hyderabad,Completed
ORD0151,2025-05-02 00:00:00,CUST012,Backpack,Accessories,1694.31,2.0,0.0,Debit Card,Mumbai,Returned
ORD0152,2025-06-17 00:00:00,CUST034,Desk Lamp,Home,1632.17,1.0,0.1,Credit Card,Hyderabad,Completed
ORD0153,2025-05-02 00:00:00,CUST046,Water Bottle,Home,636.58,4.0,,UPI,Delhi,Cancelled
ORD0154,2025-04-25 00:00:00,CUST026,Headphones,Electronics,3197.77,3.0,0.05,Cash on Delivery,Mumbai,Completed
ORD0155,2025-02-23 00:00:00,CUST034,Sneakers,Fashion,3133.86,4.0,,Net Banking,Nagpur,Completed
ORD0156,2025-02-05 00:00:00,CUST047,Water Bottle,Home,666.72,3.0,0.2,UPI,Chennai,Completed
ORD0157,2025-06-03 00:00:00,CUST002,Desk Lamp,Home,1474.11,1.0,0.05,UPI,Mumbai,Cancelled
ORD0158,2025-04-14 00:00:00,CUST042,Desk Lamp,Home,1587.1,3.0,0.2,Net Banking,Bangalore,Completed
ORD0159,2025-04-12 00:00:00,CUST034,Keyboard,Electronics,2025.36,1.0,0.0,Debit Card,Mumbai,Cancelled
ORD0160,2025-03-15 00:00:00,CUST057,Laptop,Electronics,64298.08,3.0,0.0,Debit Card,Nagpur,Cancelled
ORD0161,not_a_date,CUST016,Laptop,Electronics,69539.54,1.0,,Cash on Delivery,Nashik,Completed
ORD0162,2025-04-19 00:00:00,CUST026,Water Bottle,Home,635.52,2.0,0.1,UPI,Nashik,Completed
ORD0163,2025-03-27 00:00:00,CUST058,Phone,Electronics,26951.99,3.0,0.15,UPI,Delhi,Completed
ORD0164,2025-03-23 00:00:00,CUST031,Desk Lamp,Home,1715.85,3.0,0.1,Debit Card,Pune,Completed
ORD0165,2025-04-18 00:00:00,CUST060,T-Shirt,Fashion,896.59,3.0,0.15,Credit Card,Nashik,Completed
ORD0166,2025-01-15 00:00:00,CUST056,Sneakers,Fashion,3225.27,1.0,0.15,Net Banking,Pune,Completed
ORD0167,2025-04-18 00:00:00,CUST002,Water Bottle,Home,633.42,2.0,,Debit Card,Nashik,Cancelled
ORD0168,2025-06-09 00:00:00,CUST032,Wireless Mouse,Electronics,1271.71,3.0,0.0,Net Banking,Chennai,Completed
ORD0169,2025-01-16 00:00:00,CUST056,Phone,Electronics,26721.45,1.0,0.15,UPI,Nashik,Completed
ORD0170,2025-03-06 00:00:00,CUST030,Phone,Electronics,25218.74,1.0,0.05,Credit Card,Bangalore,Completed
ORD0171,2025-06-02 00:00:00,CUST048,Phone,Electronics,25300.09,2.0,0.0,UPI,Mumbai,Completed
ORD0172,2025-02-06 00:00:00,CUST037,Notebook,Stationery,165.22,2.0,,Debit Card,Chennai,Cancelled
ORD0173,2025-06-02 00:00:00,CUST007,Wireless Mouse,Electronics,1317.88,3.0,0.05,Net Banking,Nashik,Returned
ORD0174,2025-04-20 00:00:00,CUST010,Phone,Electronics,25462.89,1.0,0.0,UPI,Pune,Completed
ORD0175,2025-01-06 00:00:00,CUST005,T-Shirt,Fashion,820.41,3.0,0.0,UPI,Delhi,Completed
ORD0176,2025-03-02 00:00:00,CUST059,Water Bottle,Home,685.47,2.0,0.1,UPI,Nagpur,Completed
ORD0177,2025-01-13 00:00:00,CUST056,Keyboard,Electronics,2309.06,1.0,0.1,Net Banking,Pune,Completed
ORD0178,2025-03-08 00:00:00,CUST059,Coffee Maker,Home,4166.56,1.0,0.0,Credit Card,Bangalore,Completed
ORD0179,2025-02-09 00:00:00,CUST025,Coffee Maker,Home,4545.77,3.0,0.05,Cash on Delivery,Nashik,Returned
ORD0180,2025-05-13 00:00:00,CUST048,T-Shirt,Fashion,899.26,2.0,,Net Banking,Bangalore,Cancelled
ORD0013,2025-01-28 00:00:00,CUST007,Coffee Maker,Home,4815.03,4.0,0.05,Net Banking,Delhi,Completed
ORD0048,2025-04-04 00:00:00,CUST047,Headphones,Electronics,3639.66,4.0,0.15,Net Banking,Pune,Completed
ORD0104,2025-04-21 00:00:00,CUST008,Wireless Mouse,Electronics,1220.77,4.0,0.0,UPI,Hyderabad,Returned
